{"cameraMode":{"drawMode":0,"name":"Shaded","section":"Shading Mode"},"sceneLighting":true,"audioPlay":false,"sceneViewState":{"showFog":true,"showMaterialUpdate":false,"showSkybox":true,"showFlares":true,"showImageEffects":true,"showParticleSystems":true},"in2DMode":false,"pivot":{"x":6.03983211517334,"y":0.07646439969539643,"z":13.954652786254883},"rotation":{"x":0.20845896005630494,"y":0.0035232510417699816,"z":-0.000750711013097316,"w":0.9780257940292358},"size":15.142151832580567,"orthographic":true}